CVE_ENT,NOM_ENT,NOM_ABR
1,Aguascalientes,Ags.
2,Baja California,BC
3,Baja California Sur,BCS
4,Campeche,Camp.
5,Coahuila de Zaragoza,Coah.
6,Colima,Col.
7,Chiapas,Chis.
8,Chihuahua,Chih.
9,Ciudad de México,CDMX
10,Durango,Dgo.
11,Guanajuato,Gto.
12,Guerrero,Gro.
13,Hidalgo,Hgo.
14,Jalisco,Jal.
15,México,Mex.
16,Michoacán de Ocampo,Mich.
17,Morelos,Mor.
18,Nayarit,Nay.
19,Nuevo León,NL
20,Oaxaca,Oax.
21,Puebla,Pue.
22,Querétaro,Qro.
23,Quintana Roo,Q. Roo
24,San Luis Potosí,SLP
25,Sinaloa,Sin.
26,Sonora,Son.
27,Tabasco,Tab.
28,Tamaulipas,Tamps.
29,Tlaxcala,Tlax.
30,Veracruz de Ignacio de la Llave,Ver.
31,Yucatán,Yuc.
32,Zacatecas,Zac.